date,Portfolio Return
2015-04-01,0.07714911694176596
2015-04-02,0.348427704867611
2015-04-06,0.07547198862180249
2015-04-07,-0.7118576160257907
2015-04-08,-0.4271562471807666
2015-04-09,1.429626256566614
2015-04-10,0.4470441413664994
2015-04-13,-1.0414611136363348
2015-04-14,-1.0741581492345098
2015-04-15,1.027392135332319
2015-04-16,0.01443496946611722
2015-04-17,-1.034197832334287
2015-04-20,0.172372244425396
2015-04-21,-0.4229004774175227
2015-04-22,0.8005413862351897
2015-04-23,1.1850251861398764
2015-04-24,-0.3408399523786554
2015-04-27,-0.7911138205531443
2015-04-28,0.1491907879106935
2015-04-29,-4.115312217836505
2015-04-30,2.2783805626814524
2015-05-01,-0.03175625601324006
2015-05-04,0.17506296313230207
2015-05-05,0.9008570022550577
2015-05-06,0.19637654221480227
2015-05-07,0.0697530371151256
2015-05-08,-0.038884714770905715
2015-05-11,-0.801947680950048
2015-05-12,0.11780316265737711
2015-05-13,0.22577897542146452
2015-05-14,-0.2228542099507047
2015-05-15,0.3183505545920241
2015-05-18,-0.42897507503151233
2015-05-19,-0.9436907437158992
2015-05-20,0.39286272056685556
2015-05-21,0.6498650164574138
2015-05-22,-0.736083049249312
2015-05-26,-0.5205715103483688
2015-05-27,-0.6137164780669013
2015-05-28,0.010902588383676637
2015-05-29,0.031312329957624785
2015-06-01,-0.5418060600007535
2015-06-02,0.1798713892800441
2015-06-03,-0.6753693347892398
2015-06-04,1.3071942430996564
2015-06-05,-1.8442870214459717
2015-06-08,-0.8688226643079642
2015-06-09,-0.2417630808199922
2015-06-10,-0.5502927799539936
2015-06-11,0.15720759180179344
2015-06-12,-0.18564457441230242
2015-06-15,-0.5899397521032747
2015-06-16,0.013114434288044041
2015-06-17,0.8922938395091995
2015-06-18,0.07156845877972717
2015-06-19,-0.12391894574248052
2015-06-22,-1.4935002783820717
2015-06-23,-0.49117137190193505
2015-06-24,-0.20724039189666132
2015-06-25,0.4430196708133938
2015-06-26,0.6298336255853387
2015-06-29,-0.12966023003796678
2015-06-30,1.1588180323930408
2015-07-01,0.05656902846095102
2015-07-02,1.0875298389682109
2015-07-06,-0.5782118588877116
2015-07-07,0.6645940284069662
2015-07-08,-0.2418575016050648
2015-07-09,-0.4752617600781649
2015-07-10,-0.270402514634014
2015-07-13,-0.5101697088169832
2015-07-14,1.101899614861428
2015-07-15,-0.811468515804874
2015-07-16,0.7627044762575763
2015-07-17,0.02721232572341803
2015-07-20,-0.10480186680799752
2015-07-21,-1.167074359233482
2015-07-22,1.9900743885832495
2015-07-23,-1.011477260589988
2015-07-24,0.5325597430752804
2015-07-27,0.09945644892058736
2015-07-28,-1.0104238293718493
2015-07-29,0.6533032988054521
2015-07-30,0.6204786511172511
2015-07-31,-0.7286710355058812
2015-08-03,-0.6254597380360916
2015-08-04,0.4505630310684583
2015-08-05,-0.07727743947478538
2015-08-06,-0.6685833814751962
2015-08-07,-0.052682974053772647
2015-08-10,0.35660921733288387
2015-08-11,0.7960319743143329
2015-08-12,0.7278576380917157
2015-08-13,-0.7451371915896354
2015-08-14,0.1411967290585392
2015-08-17,-0.6818188033593842
2015-08-18,0.3539954512060395
2015-08-19,0.08664649917029088
2015-08-20,0.614523074348643
2015-08-21,0.38370836862042346
2015-08-24,0.6306038706936121
2015-08-25,0.09318551609653025
2015-08-26,-1.6848382585520754
2015-08-27,-0.6157306511881444
2015-08-28,0.3224567824741187
2015-08-31,-0.3703206031879236
2015-09-01,1.9215966947284393
2015-09-02,-1.1845878695851408
2015-09-03,-0.04338440509500607
2015-09-04,-0.5926295102571653
2015-09-08,-0.2980884235115644
2015-09-09,-0.4858952320400547
2015-09-10,0.20802479781593108
2015-09-11,-0.3577065079538967
2015-09-14,0.5674908387232813
2015-09-15,-0.06342929568441402
2015-09-16,-0.6813424947499191
2015-09-17,0.17286260015470634
2015-09-18,1.352302020268985
2015-09-21,0.08565130310268732
2015-09-22,-0.11659355583607312
2015-09-23,0.7860891417804461
2015-09-24,-0.0764260199092659
2015-09-25,-0.3299162306372928
2015-09-28,0.3067899353366621
2015-09-29,0.545624169770984
2015-09-30,-0.4466635220302215
2015-10-01,2.2135909017269695
2015-10-02,0.006797107449256767
2015-10-05,-0.811138521324779
2015-10-06,0.17592663543221088
2015-10-07,0.029571921543052326
2015-10-08,1.177157690913695
2015-10-09,0.07455386779990247
2015-10-12,-1.020952305535292
2015-10-13,0.9717931539392086
2015-10-14,-0.13759209664514283
2015-10-15,-1.360299331547019
2015-10-16,0.13762136476267006
2015-10-19,-0.029732311002035328
2015-10-20,0.8577660120033603
2015-10-21,-0.836298004623306
2015-10-22,0.9334690244228242
2015-10-23,-0.22836246336514598
2015-10-26,-0.4102841700191373
2015-10-27,1.7939206842296997
2015-10-28,-2.3153191639086352
2015-10-29,0.7475652522274268
2015-10-30,0.6044472252682942
2015-11-02,-0.5737844605836528
2015-11-03,0.029058451804115926
2015-11-04,-0.6665733391692807
2015-11-05,-0.5556179022820373
2015-11-06,0.08550945893532003
2015-11-09,-0.33021043081704393
2015-11-10,0.3013139804072784
2015-11-11,-0.48286864656280626
2015-11-12,0.03611518141947356
2015-11-13,-0.048213691850260365
2015-11-16,2.346077840171188
2015-11-17,0.6579614048090998
2015-11-18,-0.19617293114101653
2015-11-19,1.410644416748159
2015-11-20,-0.09761345587480763
2015-11-23,-0.9653127200552937
2015-11-24,-0.09972026468434425
2015-11-25,-0.22365401846194732
2015-11-27,-0.17552330342919475
2015-11-30,0.2122521965870705
2015-12-01,0.4517008436197889
2015-12-02,1.2750604148061353
2015-12-03,0.4879170979301505
2015-12-04,-0.4542322754600914
2015-12-07,-0.05604312181989757
2015-12-08,0.46895358856681857
2015-12-09,0.20134566821957267
2015-12-10,-0.7296610049714358
2015-12-11,-0.4812291545330891
2015-12-14,-0.3236045581308633
2015-12-15,-0.734442391660139
2015-12-16,0.22404482760458144
2015-12-17,0.5024880686285169
2015-12-18,0.20549395090364797
2015-12-21,0.4121017253777226
2015-12-22,-0.26475429173177467
2015-12-23,0.1516695939773971
2015-12-24,-0.43284080060631336
2015-12-28,0.12611612104812986
2015-12-29,0.2834034841516342
2015-12-30,-0.2877323272909438
2015-12-31,-0.0848552815251491
2016-01-04,2.1623982210684685
2016-01-05,0.7989780462041796
2016-01-06,0.8821230507061493
2016-01-07,-1.587035089720895
2016-01-08,-0.5136423534789822
2016-01-11,1.825905094441411
2016-01-12,-0.45217285379631544
2016-01-13,-0.6042696303385449
2016-01-14,-0.9928773727326456
2016-01-15,3.3066405675438153
2016-01-19,1.2008999701107692
2016-01-20,-0.7187994844485733
2016-01-21,4.106475324739808
2016-01-22,1.5058234086992384
2016-01-25,3.084552386396602
2016-01-26,-0.5450490039076605
2016-01-27,2.0723726302845624
2016-01-28,-1.1086923988941133
2016-01-29,1.0909800811514843
2016-02-01,-0.27526196764082966
2016-02-02,-0.5099798687170587
2016-02-03,-0.32005482712690314
2016-02-04,-1.7399253700564898
2016-02-05,-2.722062817883615
2016-02-08,-1.397343641691287
2016-02-09,0.7618363990905141
2016-02-10,-0.7070199717818526
2016-02-11,0.966898402453378
2016-02-12,2.8561217084428536
2016-02-16,0.39751564176559784
2016-02-17,0.43716213520867075
2016-02-18,1.0698749310386235
2016-02-19,-0.9052158532213016
2016-02-22,0.24595532590803182
2016-02-23,0.5107645975291408
2016-02-24,1.3182324714679772
2016-02-25,0.5371778089971979
2016-02-26,-1.1925125640276013
2016-02-29,-0.05595456816602784
2016-03-01,-0.3056196569888039
2016-03-02,-0.5806362281713007
2016-03-03,0.6106729102513908
2016-03-04,-0.9703191995991989
2016-03-07,-1.1033878951849063
2016-03-08,-0.053906971499635414
2016-03-09,0.9005495517272433
2016-03-10,-0.12030210401155594
2016-03-11,0.40983058650458437
2016-03-14,0.33662339524719975
2016-03-15,0.5534382820164829
2016-03-16,1.5392832937444023
2016-03-17,0.2501144261745014
2016-03-18,0.6901118455955735
2016-03-21,0.06532724025734016
2016-03-22,0.05144495347676692
2016-03-23,-0.4003232954257462
2016-03-24,0.7520071039709952
2016-03-28,-0.5300259214123937
2016-03-29,1.0169483061269635
2016-03-30,-0.17539048485113673
2016-03-31,0.27383173484692325
2016-04-01,-0.12867037989597208
2016-04-04,-1.0817863619612478
2016-04-05,0.30350449129784574
2016-04-06,-0.4794559615829197
2016-04-07,1.2670525470953646
2016-04-08,0.1599225296626483
2016-04-11,-0.051755069200172255
2016-04-12,-0.3836260836685689
2016-04-13,-1.568278179174487
2016-04-14,-0.328889569481543
2016-04-15,0.5115067564208231
2016-04-18,0.20925701532249263
2016-04-19,-0.47842714225189364
2016-04-20,-2.302928544191283
2016-04-21,-2.0347549462533343
2016-04-22,0.08125867163784495
2016-04-25,0.484958123294561
2016-04-26,-0.9007215483682972
2016-04-27,-0.29508009977327054
2016-04-28,-0.5324659687962341
2016-04-29,-4.8875490494597855
2016-05-02,-0.3059511856941022
2016-05-03,0.8112680014349793
2016-05-04,-0.3626819046570895
2016-05-05,-0.0969653343159882
2016-05-06,0.2543138091880248
2016-05-09,-1.134313397417357
2016-05-10,-0.20986031742911138
2016-05-11,0.45291853044189034
2016-05-12,0.20860914564221122
2016-05-13,-1.1967504284812103
2016-05-16,0.3919277933634402
2016-05-17,-1.7656478188113662
2016-05-18,-0.16531212411952767
2016-05-19,-0.32096688545757424
2016-05-20,-0.4946005453245772
2016-05-23,0.28229953550433784
2016-05-24,0.28728451151974976
2016-05-25,0.45438790305096344
2016-05-26,-0.06729039467650466
2016-05-27,0.4007116832284985
2016-05-31,0.2464928201953276
2016-06-01,0.6284121398845954
2016-06-02,-0.5730620598805913
2016-06-03,0.3966703849195041
2016-06-06,0.011206940417705091
2016-06-07,-0.14098803653917802
2016-06-08,0.9257526844424091
2016-06-09,2.072546437310039
2016-06-10,0.8729705454715808
2016-06-13,1.1827624902660583
2016-06-14,-0.10715485330975438
2016-06-15,-0.4826125925013969
2016-06-16,0.18696577344269105
2016-06-17,-1.0476442629069016
2016-06-20,-0.42183828492791786
2016-06-21,0.30630436811972306
2016-06-22,0.9459819566219552
2016-06-23,-0.2597964176880545
2016-06-24,2.555626076616726
2016-06-27,0.7660888148217553
2016-06-28,-1.2443728652549302
2016-06-29,-0.26131035969673366
2016-06-30,-0.6638003304674411
2016-07-01,-0.5952340839458974
2016-07-05,1.2449861012824817
2016-07-06,0.8011696486805908
2016-07-07,-0.003314705950776542
2016-07-08,-0.6531062620876815
2016-07-11,-0.05718619018184157
2016-07-12,-0.5839283032745902
2016-07-13,0.4370126187672252
2016-07-14,-0.010228113115808846
2016-07-15,0.18987038298418524
2016-07-18,-0.5729335558998172
2016-07-19,0.055447663375434164
2016-07-20,-0.4358248735796577
2016-07-21,-0.22279152229644827
2016-07-22,-0.542245311584657
2016-07-25,0.16877429175641723
2016-07-26,-0.5841220118979118
2016-07-27,1.5353946001959562
2016-07-28,0.05923631370822191
2016-07-29,2.374437577673101
2016-08-01,0.6817139587023879
2016-08-02,1.4681251332672818
2016-08-03,-0.8685350810041914
2016-08-04,0.2740578685663353
2016-08-05,-0.06446894554321903
2016-08-08,-0.30460386762307223
2016-08-09,0.5555778675434486
2016-08-10,0.36784684119189226
2016-08-11,-3.8726185795344668
2016-08-12,0.3274530627804362
2016-08-15,-0.7144203459023779
2016-08-16,-0.4471686024636655
2016-08-17,0.38507909911963845
2016-08-18,-0.138526356279427
2016-08-19,0.33591107778876417
2016-08-22,0.5975512842974395
2016-08-23,-2.092726420043165
2016-08-24,-1.2716353804150993
2016-08-25,-0.2078598492122552
2016-08-26,-0.12546108142129198
2016-08-29,0.2538265938760942
2016-08-30,-0.5916763439943695
2016-08-31,1.128267629874804
2016-09-01,1.1246446838078028
2016-09-02,-0.920055675320488
2016-09-06,1.3383371663205867
2016-09-07,-1.404828083201255
2016-09-08,0.8415633898589503
2016-09-09,-0.034820517111380234
2016-09-12,-0.1948957135090268
2016-09-13,-0.026731286607382332
2016-09-14,-0.6462598461650715
2016-09-15,-0.7438846805720178
2016-09-16,0.20187690939488911
2016-09-19,-0.4793727210742893
2016-09-20,-0.15294634040873945
2016-09-21,-0.7301518483492855
2016-09-22,-0.08972087122592232
2016-09-23,-0.05372675231543278
2016-09-26,0.4135853183302073
2016-09-27,-0.9964909026856761
2016-09-28,0.31794878720255326
2016-09-29,-0.08767126808200598
2016-09-30,-0.5974178554608844
2016-10-03,-0.4331849766784335
2016-10-04,-1.8776612713681071
2016-10-05,-0.7788237850471291
2016-10-06,0.09301416217483816
2016-10-07,-0.33729825361416665
2016-10-10,0.8794261786485769
2016-10-11,-0.6448791281709316
2016-10-12,-0.2749248576003982
2016-10-13,0.4277348045874918
2016-10-14,0.5105700245564293
2016-10-17,0.03545718348537452
2016-10-18,-0.7247914423914592
2016-10-19,-1.0079801741185568
2016-10-20,-0.7512522054031101
2016-10-21,0.2460899145878459
2016-10-24,-0.5682408432268393
2016-10-25,1.5686991030835817
2016-10-26,0.2590938261356679
2016-10-27,0.26226222219551065
2016-10-28,0.8302805432199767
2016-10-31,-0.450671129536353
2016-11-01,1.0749749429274602
2016-11-02,0.7702664744234777
2016-11-03,-0.03712685971384744
2016-11-04,-0.006119328245268729
2016-11-07,-0.5843317222733233
2016-11-08,-0.5215038022699914
2016-11-09,-2.0586184896160504
2016-11-10,-1.5764998951883658
2016-11-11,-0.9980026098468575
2016-11-14,-0.9628339198990532
2016-11-15,0.5026616959374319
2016-11-16,0.8625996481219689
2016-11-17,-1.7298006829292634
2016-11-18,-0.23584142905118233
2016-11-21,0.36845763119699004
2016-11-22,-1.5313953179386464
2016-11-23,-0.23921283375950342
2016-11-25,1.1025304538725966
2016-11-28,0.6714607732408151
2016-11-29,0.3692971594707073
2016-11-30,-1.7909146309601434
2016-12-01,-1.663796435423306
2016-12-02,-0.8900517004123465
2016-12-05,0.47490585421287035
2016-12-06,-1.065837279798345
2016-12-07,1.3583434417920803
2016-12-08,0.10740724484079145
2016-12-09,0.4840052738755163
2016-12-12,0.6045312508133426
2016-12-13,0.7009014821598325
2016-12-14,-0.892950962156065
2016-12-15,-0.04126545815433813
2016-12-16,1.4628600670274094
2016-12-19,0.7186401960452682
2016-12-20,-0.8636393476142022
2016-12-21,0.0809821986107706
2016-12-22,1.3039238053689783
2016-12-23,-0.4350507073897525
2016-12-27,-0.1700734785002478
2016-12-28,0.11576970960222932
2016-12-29,0.7219328687197213
2016-12-30,-0.512229760917251
2017-01-03,0.6466604059248948
2017-01-04,-0.19325686348345306
2017-01-05,2.6529403390106854
2017-01-06,0.7267880572202756
2017-01-09,0.6676055835788653
2017-01-10,0.4521082877250837
2017-01-11,0.4423536258621774
2017-01-12,-0.8572251692806954
2017-01-13,0.13792561837663975
2017-01-17,2.1088406530579373
2017-01-18,-1.0035515000967066
2017-01-19,0.09470493291201976
2017-01-20,-0.6239959360003366
2017-01-23,0.3606779640172486
2017-01-24,0.3938132912828053
2017-01-25,-0.14390071922823822
2017-01-26,0.22952905388724965
2017-01-27,0.7907132140446362
2017-01-30,-0.13176112916885918
2017-01-31,-0.022448608202403353
2017-02-01,-3.0665015180509347
2017-02-02,0.5950766093246074
2017-02-03,-0.12583740899786433
2017-02-06,0.29968956435465044
2017-02-07,0.1641280615331553
2017-02-08,-1.2222434724670705
2017-02-09,-2.743733175050775
2017-02-10,-0.1932626168676821
2017-02-13,-0.6442354095226488
2017-02-14,-1.3545400704109634
2017-02-15,1.4171107994712218
2017-02-16,-0.004998352904928005
2017-02-17,-0.04616580621983557
2017-02-21,1.9748865370040416
2017-02-22,-0.3291538324108845
2017-02-23,0.2242543620078319
2017-02-24,-0.6793425013169863
2017-02-27,0.012456791763886255
2017-02-28,0.15719469181898926
2017-03-01,-1.6338299119761102
2017-03-02,0.743046824121085
2017-03-03,0.1655173160757516
2017-03-06,1.2469883637356083
2017-03-07,-0.4708582300493447
2017-03-08,-0.19101626817571216
2017-03-09,0.3233271925152681
2017-03-10,-0.14496300268469264
2017-03-13,1.4162023876220964
2017-03-14,0.03377066806474538
2017-03-15,-0.31758072946143745
2017-03-16,-0.03254290290054751
2017-03-17,0.9012266678168079
2017-03-20,1.4971188373073674
2017-03-21,1.0544377710556385
2017-03-22,-0.9179414433811472
2017-03-23,-0.0029091995801344694
2017-03-24,-0.02658965299081828
2017-03-27,2.026653645530363
2017-03-28,-1.1392183415996282
2017-03-29,-0.15099419470809616
2017-03-30,-1.833401353158337
2017-03-31,-0.09315300805601723
2017-04-03,0.8822350276020696
2017-04-04,0.599516858367668
2017-04-05,0.31241107501499776
2017-04-06,-0.37615316688496925
2017-04-07,0.39397990879066036
2017-04-10,-0.5802006433790963
2017-04-11,-0.21077214895470098
2017-04-12,1.292051319206149
2017-04-13,-0.6062746491906568
2017-04-17,0.13331608643422088
2017-04-18,0.5637548659143321
2017-04-19,-0.3911161363166715
2017-04-20,-0.7639354826835598
2017-04-21,0.5896546013148485
2017-04-24,0.16998782555396774
2017-04-25,-1.1222203591094093
2017-04-26,0.2804681674616448
2017-04-27,-1.1030945872184805
2017-04-28,-0.14303484637326225
2017-05-01,0.617561539664695
2017-05-02,-0.7283645963708852
2017-05-03,0.46856707758764715
2017-05-04,-0.142550816499587
2017-05-05,0.20889556883338045
2017-05-08,-0.36959565047537835
2017-05-09,-0.0008771804887186541
2017-05-10,0.34036989937812123
2017-05-11,3.287592354711912
2017-05-12,1.0407043296305951
2017-05-15,-0.3889613326351471
2017-05-16,0.18458264199597174
2017-05-17,-0.7494738937275702
2017-05-18,0.12298233963320415
2017-05-19,-0.6778667911081105
2017-05-22,0.15504717094009024
2017-05-23,0.2635079669343332
2017-05-24,-0.8840049610919642
2017-05-25,0.1242813175722568
2017-05-26,0.6660131725698215
2017-05-30,0.04785130654416436
2017-05-31,0.8497833001904187
2017-06-01,1.5163471800384736
2017-06-02,0.42395921284312577
2017-06-05,-0.8936240315746602
2017-06-06,1.049213350812166
2017-06-07,0.29429895664433214
2017-06-08,-0.49473473251911537
2017-06-09,-1.3015045670830871
2017-06-12,0.6174876732296952
2017-06-13,1.345347270678785
2017-06-14,-0.8535659116511551
2017-06-15,1.1498579178840207
2017-06-16,-0.12375359335931702
2017-06-19,-1.3919172803047064
2017-06-20,-0.07728070472678539
2017-06-21,-0.5107732626265071
2017-06-22,-0.09112204420508752
2017-06-23,1.1390589304673626
2017-06-26,0.09497960307216724
2017-06-27,-0.7254143246933964
2017-06-28,-0.6490778054625146
2017-06-29,-0.7109935832767578
2017-06-30,0.09361881226643609
2017-07-03,1.206745915447609
2017-07-05,0.3291524694228176
2017-07-06,0.32356953283023904
2017-07-07,0.3718690267985236
2017-07-10,1.3053723320889632
2017-07-11,0.3158030066846451
2017-07-12,0.7468524987967173
2017-07-13,-1.064338132705065
2017-07-14,-0.6266402743868782
2017-07-17,-1.0043738588558693
2017-07-18,0.36269373560937623
2017-07-19,-0.15080324511684173
2017-07-20,0.27759151358709877
2017-07-21,0.3466694094214162
2017-07-24,1.2346180503120285
2017-07-25,-2.456987235345693
2017-07-26,-0.7311369975052306
2017-07-27,0.7430042106851475
2017-07-28,-1.3167582605633554
2017-07-31,-0.3756530054283336
2017-08-01,-0.7285388261897087
2017-08-02,0.33172971048050615
2017-08-03,-0.08515268138580723
2017-08-04,-0.09349903661555414
2017-08-07,-0.058633096023286146
2017-08-08,0.3764500881080757
2017-08-09,0.32022293304457605
2017-08-10,2.0107721291797143
2017-08-11,0.48184324106885557
2017-08-14,0.8096725816151173
2017-08-15,1.137102322734358
2017-08-16,-0.2661341530756942
2017-08-17,0.7887462506661125
2017-08-18,-0.23820038201864513
2017-08-21,-0.5623168112666099
2017-08-22,-1.6609424524964522
2017-08-23,-1.017669062471498
2017-08-24,-1.102917469436353
2017-08-25,0.3207685773446789
2017-08-28,-0.33512238163093455
2017-08-29,1.393010092353455
2017-08-30,1.7100501151856062
2017-08-31,0.2234028461873705
2017-09-01,-0.491526979571546
2017-09-05,1.2603794123112855
2017-09-06,-1.445813347192555
2017-09-07,0.4722329686141258
2017-09-08,2.0234006008575567
2017-09-11,0.007895890804756611
2017-09-12,-0.34279393314448736
2017-09-13,0.4972296370917473
2017-09-14,1.6493949987687184
2017-09-15,-0.40072498352122565
2017-09-18,-0.15114908394034288
2017-09-19,-1.0048633404325846
2017-09-20,1.501842035131875
2017-09-21,-0.1328937414227238
2017-09-22,0.06233275550498574
2017-09-25,-0.15043662769927302
2017-09-26,-0.23377367128498694
2017-09-27,-0.8126010878757217
2017-09-28,-0.14267863342101172
2017-09-29,0.7352517531034607
2017-10-02,1.1679447414981523
2017-10-03,-0.36454660074357825
2017-10-04,-0.39451781527884533
2017-10-05,-0.7222505013893943
2017-10-06,0.34111361524590267
2017-10-09,0.24779594860065535
2017-10-10,-0.8349474591668882
2017-10-11,0.2709350342527683
2017-10-12,0.03394925458188647
2017-10-13,0.34322853334130876
2017-10-16,-0.14112921471977513
2017-10-17,0.6206749527568456
2017-10-18,-0.19675900845939287
2017-10-19,-0.18471899551403714
2017-10-20,-1.1816650114253213
2017-10-23,-0.19915915894182845
2017-10-24,-1.1913153146162103
2017-10-25,1.929170783908536
2017-10-26,0.2845736945225963
2017-10-27,2.2344736846243674
2017-10-30,1.1089423104024188
2017-10-31,0.5437249560927261
2017-11-01,0.6450137312458004
2017-11-02,0.5627810890238183
2017-11-03,0.8287348582106202
2017-11-06,-0.33677571260011696
2017-11-07,1.718846406101806
2017-11-08,-0.2486029093562081
2017-11-09,0.5715682419715515
2017-11-10,0.263485716075913
2017-11-13,0.6421694870076866
2017-11-14,-2.4837461954341533
2017-11-15,-0.8204034193904008
2017-11-16,0.5619654698114718
2017-11-17,-0.8352374901536241
2017-11-20,-0.11926456449097067
2017-11-21,0.5410638945143575
2017-11-22,-0.5177974514152983
2017-11-24,-0.04378323983640575
2017-11-27,-1.3705905011572805
2017-11-28,-1.832017691470844
2017-11-29,-2.7006625091803804
2017-11-30,0.9652695526586275
2017-12-01,0.25577053334120414
2017-12-04,-1.5846927259576171
2017-12-05,1.1420099775128012
2017-12-06,-0.7340306288799026
2017-12-07,-0.8205826415914586
2017-12-08,-0.24746619851030882
2017-12-11,0.4091040720546846
2017-12-12,-1.3443034449044378
2017-12-13,0.7768040030026291
2017-12-14,0.6854224650069374
2017-12-15,-1.1372866473024201
2017-12-18,-0.2912661406182271
2017-12-19,-0.49127364743110313
2017-12-20,-0.16255013708032617
2017-12-21,0.5170585188146748
2017-12-22,0.13627341404361948
2017-12-26,-0.5297935053895575
2017-12-27,0.6687225894236826
2017-12-28,0.6495462287531417
2017-12-29,0.11169381205982098
2018-01-02,0.9601204729502344
2018-01-03,0.9970128287814785
2018-01-04,-0.16165043728139095
2018-01-05,-0.9510120443583303
2018-01-08,0.8715994090049084
2018-01-09,-0.9397325870688311
2018-01-10,-1.093862935381782
2018-01-11,-0.14581291552637332
2018-01-12,-0.903446762371074
2018-01-16,0.19364996904368326
2018-01-17,-0.45482456762719004
2018-01-18,-0.9941028286474096
2018-01-19,-0.5236234884099633
2018-01-22,0.6809236926810347
2018-01-23,0.04374018983024808
2018-01-24,0.5305241524481286
2018-01-25,0.6875872016432827
2018-01-26,-0.718639732069879
2018-01-29,-1.3037495293730106
2018-01-30,-0.5944193717176871
2018-01-31,0.6084411558692415
2018-02-01,-1.1205273456350895
2018-02-02,0.5296370754938051
2018-02-05,0.10790696209644324
2018-02-06,-0.5472616681520728
2018-02-07,-0.49498441015683126
2018-02-08,-0.09683449065333027
2018-02-09,-0.07020067875036062
2018-02-12,-0.3453290362111817
2018-02-13,-1.299267592539981
2018-02-14,-1.413363005530324
2018-02-15,0.2902494819477375
2018-02-16,0.362806855893294
2018-02-20,-0.20059582937310916
2018-02-21,-1.0521730863078438
2018-02-22,0.788440805218824
2018-02-23,-1.3959043693984396
2018-02-26,0.42441162618743766
2018-02-27,-1.5382758164814334
2018-02-28,0.24586238355733148
2018-03-01,-0.643947857039224
2018-03-02,-0.38830142311862437
2018-03-05,0.023011343054974986
2018-03-06,-0.3501805103739297
2018-03-07,1.020357941345802
2018-03-08,1.0684908911940405
2018-03-09,0.48271223830148147
2018-03-12,0.3624776806741892
2018-03-13,-0.018764702056806026
2018-03-14,0.19231407285823277
2018-03-15,0.12684653378233435
2018-03-16,-0.5504271827729856
2018-03-19,-0.949277024344839
2018-03-20,0.9017606889391172
2018-03-21,0.09557404214236787
2018-03-22,0.9603153064369607
2018-03-23,0.6091450483231069
2018-03-26,-1.0902258332978003
2018-03-27,0.4577623548057064
2018-03-28,-0.6939671451918805
2018-03-29,-0.058200915856516544
2018-04-02,0.7557220182500073
2018-04-03,0.33580707897989726
2018-04-04,-0.3008788866947931
2018-04-05,-0.3642934777316009
2018-04-06,0.6779247584194303
2018-04-09,-0.2189692648273467
2018-04-10,0.011465402224353327
2018-04-11,0.11312137625389518
2018-04-12,-0.7344833667972139
2018-04-13,0.7127957759370229
2018-04-16,-0.004304551699778614
2018-04-17,1.7683875312193353
2018-04-18,-0.32762704819810917
2018-04-19,-1.0738283566247087
2018-04-20,-1.099344905920896
2018-04-23,-1.1788539114780217
2018-04-24,-0.270216037985731
2018-04-25,0.0014805874488943438
2018-04-26,-0.17422268153632903
2018-04-27,0.40341072684166845
2018-04-30,0.04757521208523574
2018-05-01,-0.8428122225886758
2018-05-02,-1.0338878438756072
2018-05-03,-0.1929867366396798
2018-05-04,0.12448603670603742
2018-05-07,1.5436244257319243
2018-05-08,0.14998889099031565
2018-05-09,-0.723300621464904
2018-05-10,0.5618781863557641
2018-05-11,0.06616866882811046
2018-05-14,-0.48400946543108114
2018-05-15,-0.6100426061831654
2018-05-16,-3.006009804547671
2018-05-17,-1.6176251805998265
2018-05-18,0.3796171334185727
2018-05-21,0.44547393752904174
2018-05-22,-1.2104699994544865
2018-05-23,0.8217392701331483
2018-05-24,-0.060964984982252446
2018-05-25,0.7217677850323012
2018-05-29,0.634412149252237
2018-05-30,-0.9316032443786426
2018-05-31,0.330316786753415
2018-06-01,-1.5629327844970842
2018-06-04,-0.39762412454537055
2018-06-05,-2.154501596926153
2018-06-06,-0.0917875128730804
2018-06-07,-0.017607456898369733
2018-06-08,-0.2131315327732164
2018-06-11,0.1154248777817557
2018-06-12,-0.30397092537881587
2018-06-13,0.44248502027398606
2018-06-14,-0.3806320996599033
2018-06-15,-0.43339706585980187
2018-06-18,-0.6166525720628013
2018-06-19,0.4975012705113424
2018-06-20,-0.2990487677717302
2018-06-21,-0.16254210535713964
2018-06-22,0.8296477840837978
2018-06-25,0.8259955150066787
2018-06-26,-0.48134816830852634
2018-06-27,-0.5769679246607917
2018-06-28,0.8775467708925522
2018-06-29,0.2890275517531493
2018-07-02,0.3458975518438945
2018-07-03,-0.12518380257307893
2018-07-05,0.5887672828858626
2018-07-06,-0.33869266693669076
2018-07-09,0.6342379025393209
2018-07-10,0.016336054970966796
2018-07-11,1.0564609688759874
2018-07-12,0.7291382194469564
2018-07-13,0.6187685709834279
2018-07-16,-1.2711620613482721
2018-07-17,-0.5643068134971152
2018-07-18,-0.2766612742773368
2018-07-19,1.0869468005705074
2018-07-20,-0.32983379750143316
2018-07-23,-1.3101122328702397
2018-07-24,-0.5949708265213194
2018-07-25,2.775995016273749
2018-07-26,1.9547560250229237
2018-07-27,-1.2337005245504518
2018-07-30,-0.7165757725601307
2018-07-31,0.07770571031844753
2018-08-01,-0.23913929306862214
2018-08-02,0.009309474409455731
2018-08-03,0.39519966591597067
2018-08-06,0.42748503471317534
2018-08-07,-1.460193550133373
2018-08-08,-0.326667163264589
2018-08-09,-0.4184664268464555
2018-08-10,0.013401513666211451
2018-08-13,-0.05982532473087776
2018-08-14,-0.5005418724798205
2018-08-15,5.5585096250242385
2018-08-16,-0.5638453941145194
2018-08-17,0.47525700456887865
2018-08-20,-1.1913036001722843
2018-08-21,-0.9794754607805256
2018-08-22,0.24856732546911786
2018-08-23,0.2375939808700922
2018-08-24,1.349145760891599
2018-08-27,0.32601013811241586
2018-08-28,0.23638875512871138
2018-08-29,0.5209767760574602
2018-08-30,0.6906575354563049
2018-08-31,-0.7210153051559076
2018-09-04,0.9340858854028755
2018-09-05,-0.8621802914972408
2018-09-06,-0.4282171123532974
2018-09-07,0.4366007192097032
2018-09-10,0.03719308506704877
2018-09-11,-0.2986796811961723
2018-09-12,-0.5040054335652311
2018-09-13,0.7447991802712782
2018-09-14,-1.066554167527134
2018-09-17,0.6576763406728303
2018-09-18,-0.7391657479460512
2018-09-19,-1.3151667643037879
2018-09-20,0.7515877643312896
2018-09-21,-0.49250917466485244
2018-09-24,1.9086117637730604
2018-09-25,0.2976368080996772
2018-09-26,0.9462444990835749
2018-09-27,0.28151558835294965
2018-09-28,0.9330704664904266
2018-10-01,-0.4733706365729873
2018-10-02,0.8970137365907661
2018-10-03,-0.6417409233524406
2018-10-04,0.6541897012227982
2018-10-05,0.5310589841073066
2018-10-08,2.0795967783339226
2018-10-09,1.0336112698990085
2018-10-10,-0.3210832716233525
2018-10-11,-0.5865204167976181
2018-10-12,-0.1502965038729953
2018-10-15,1.2570889540072128
2018-10-16,1.0303171874772343
2018-10-17,-0.06772954611812931
2018-10-18,0.6600279506821316
2018-10-19,0.9506001978705547
2018-10-22,-2.115141583684281
2018-10-23,1.8496316852165706
2018-10-24,1.1725125485912087
2018-10-25,-1.2963613653486394
2018-10-26,-1.9450819331849134
2018-10-29,1.2768820519691393
2018-10-30,1.3829264907855028
2018-10-31,-0.3881638797625797
2018-11-01,-1.2727842489304098
2018-11-02,-0.8801044678002534
2018-11-05,-0.3663138599042437
2018-11-06,0.05287295166550576
2018-11-07,-1.383780556136256
2018-11-08,1.1716510780472
2018-11-09,1.4733960172881733
2018-11-12,0.5880067949104117
2018-11-13,0.7573229296063699
2018-11-14,1.738576237362146
2018-11-15,1.3627533664689317
2018-11-16,0.4298893278598648
2018-11-19,0.6896278638231285
2018-11-20,0.5921351031836579
2018-11-21,-1.7950771260852116
2018-11-23,1.1847118774385423
2018-11-26,1.2886894836491347
2018-11-27,-1.2685441243120832
2018-11-28,-1.7518464265308547
2018-11-29,1.796497621536406
2018-11-30,-0.6996162346559
2018-12-03,-0.6781955350976117
2018-12-04,1.7011068183382787
2018-12-06,1.7308732269373706
2018-12-07,-0.14779200744715149
2018-12-10,0.9514393574582591
2018-12-11,0.8444949335113527
2018-12-12,-1.1808566210315985
2018-12-13,2.4055637576869904
2018-12-14,0.5338652360818321
2018-12-17,-2.0027955126015646
2018-12-18,1.322965297306764
2018-12-19,0.3604079693959862
2018-12-20,0.563514395371454
2018-12-21,-0.033635884227600776
2018-12-24,-0.7999376768346989
2018-12-26,-1.0928847939599655
2018-12-27,0.16069853718909455
2018-12-28,-0.057457529054201206
2018-12-31,1.1846468524418508
2019-01-02,0.08674462976909547
2019-01-03,0.9367672821605022
2019-01-04,-0.12834351525694965
2019-01-07,1.342294106635804
2019-01-08,-1.0391804446006336
2019-01-09,-1.5891853238211984
2019-01-10,3.3751113237536834
2019-01-11,0.7872744935524478
2019-01-14,0.2396712550148239
2019-01-15,1.5657349766027706
2019-01-16,-1.2884002720401266
2019-01-17,0.29591930480003636
2019-01-18,-1.0527052206407994
2019-01-22,0.12608835141175279
2019-01-23,-0.2684663098918372
2019-01-24,3.7068101749705806
2019-01-25,-0.7776756668181477
2019-01-28,-0.20527881317083274
2019-01-29,-1.1130558943519664
2019-01-30,2.5102714116943314
2019-01-31,1.023813971100358
2019-02-01,-0.36307622740424417
2019-02-04,-1.1361181975246448
2019-02-05,-0.5665818912163711
2019-02-06,-1.2254957855324733
2019-02-07,0.6613402569090199
2019-02-08,1.0061779137584015
2019-02-11,1.2395479134549947
2019-02-12,-0.8223391885013553
2019-02-13,-3.747755686440297
2019-02-14,0.38165344344510466
2019-02-15,-0.20034145297453743
2019-02-19,-1.3784206866907778
2019-02-20,-0.5323262819235097
2019-02-21,-0.3878374773649118
2019-02-22,-0.07492412361207246
2019-02-25,-0.7839743185904835
2019-02-26,0.7948742568848255
2019-02-27,0.07881282546985835
2019-02-28,0.7243900530911707
2019-03-01,0.1456468962081603
2019-03-04,0.43789728062453737
2019-03-05,0.09918018973418707
2019-03-06,0.7469230911699598
2019-03-07,0.8590440299394929
2019-03-08,0.015614825714251879
2019-03-11,-0.2799083520284129
2019-03-12,-0.6732606225002757
2019-03-13,0.4513938418804697
2019-03-14,0.3911577625989682
2019-03-15,-0.27220593950239236
2019-03-18,-1.6736278903337243
2019-03-19,-0.10677798914381142
2019-03-20,0.40316662935404146
2019-03-21,-0.7352001218160309
2019-03-22,1.6096401135547
2019-03-25,-0.017954068700327674
2019-03-26,-0.016297448954758487
2019-03-27,-0.5787499916552119
2019-03-28,-0.926849356470143
2019-03-29,-0.7301709303377169
2019-04-01,-0.9352027646082051
2019-04-02,-0.07154422889476875
2019-04-03,-1.0589766878134443
2019-04-04,-0.4437846102399856
2019-04-05,0.8002381705497386
2019-04-08,-0.473648683144241
2019-04-09,0.8675207081668512
2019-04-10,0.018198380618561494
2019-04-11,0.09691951605658833
2019-04-12,-0.8180339436210482
2019-04-15,0.3392023037147429
2019-04-16,-1.863371211101159
2019-04-17,-0.656210964434738
2019-04-18,0.6302887510132237
2019-04-22,-0.050880427633686054
2019-04-23,0.13398212459810432
2019-04-24,0.22213179006972839
2019-04-25,-0.30218600778121085
2019-04-26,-1.27600512623959
2019-04-29,-0.7985423377193301
2019-04-30,1.6219197310328348
2019-05-01,1.7500461652940897
2019-05-02,-0.21690507234395584
2019-05-03,-0.8198253998659699
2019-05-06,-0.12376686365894729
2019-05-07,0.8487294713973403
2019-05-08,-0.32448160834509965
2019-05-09,0.7851770706899863
2019-05-10,-0.05030278298094437
2019-05-13,2.357269699722899
2019-05-14,-0.5092829801638743
2019-05-15,0.5251163414382232
2019-05-16,1.0531484855567075
2019-05-17,0.7538840823465119
2019-05-20,-0.059681400118622996
2019-05-21,-1.0584957027458386
2019-05-22,0.5306651796104258
2019-05-23,1.3687028737250428
2019-05-24,0.28593418948104743
2019-05-28,1.589369534228928
2019-05-29,-0.7169956735687011
2019-05-30,1.0327769970506795
2019-05-31,-0.011284149218020456
2019-06-03,-0.4997445645116483
2019-06-04,-0.775175841750062
2019-06-05,1.2894890480494547
2019-06-06,0.8844093951011445
2019-06-07,-0.8771801564136861
2019-06-10,-1.6709138355429332
2019-06-11,-0.11051502076438346
2019-06-12,-0.2730606698386473
2019-06-13,0.23550150207331422
2019-06-14,0.14573395804478473
2019-06-17,-0.8848952916433328
2019-06-18,-0.1544923915221319
2019-06-19,-0.6383172723410979
2019-06-20,-0.043554922207744706
2019-06-21,0.43697211061733965
2019-06-24,1.127780740318014
2019-06-25,-0.15097558435209324
2019-06-26,0.013264293895238671
2019-06-27,-0.291639905275316
2019-06-28,0.8470493142474677
2019-07-01,0.8680352799400448
2019-07-02,1.000796696072901
2019-07-03,-0.07647466660842817
2019-07-05,-0.07919695834506246
2019-07-08,0.6767991216001557
2019-07-09,1.6627068583474247
2019-07-10,1.7649864642296387
2019-07-11,0.5578661846572164
2019-07-12,-0.047385497422598455
2019-07-15,-0.5580159557246911
2019-07-16,-0.7945706100128345
2019-07-17,1.260341325455201
2019-07-18,0.8452845675575826
2019-07-19,-1.1013105616378738
2019-07-22,0.9101289959407421
2019-07-23,-0.3278949629895789
2019-07-24,-0.8573744569447372
2019-07-25,0.014105785089721934
2019-07-26,-0.565676586326378
2019-07-29,0.8092773898813466
2019-07-30,0.36328053386866177
2019-07-31,-0.7449197407282959
2019-08-01,-0.5959445887220309
2019-08-02,1.2076102136823885
2019-08-05,0.3227839684544094
2019-08-06,0.02021897875571521
2019-08-07,1.5125673737898127
2019-08-08,-0.6014826992862377
2019-08-09,1.1006829995752356
2019-08-12,-0.05875102004262844
2019-08-13,-0.4207148049058218
2019-08-14,1.8035357834624377
2019-08-15,2.0375572574617618
2019-08-16,-0.0209050410565359
2019-08-19,-0.21246410480880495
2019-08-20,0.2494276003312913
2019-08-21,0.29501744473201974
2019-08-22,-0.5525542728075195
2019-08-23,-0.8164768856516162
2019-08-26,0.6415518421418986
2019-08-27,0.3564014797702608
2019-08-28,-0.9218105085069328
2019-08-29,-0.9212260141904971
2019-08-30,0.11196221694951936
2019-09-03,0.09126747845038985
2019-09-04,-1.591770101894756
2019-09-05,-0.22669092935724722
2019-09-06,-0.6070678557038134
2019-09-09,-1.409506802205125
2019-09-10,-2.4371985449071887
2019-09-11,-0.8112414958304459
2019-09-12,-0.05665099153882247
2019-09-13,-1.7151010005833078
2019-09-16,-0.5763517725045331
2019-09-17,2.0039353904289015
2019-09-18,0.08325667998485553
2019-09-19,0.15075416190005964
2019-09-20,-0.13299877037518115
2019-09-23,-0.12991302327246768
2019-09-24,0.6217824007906378
2019-09-25,-1.0273448750064107
2019-09-26,0.7510900444356916
2019-09-27,-0.19417002884284607
2019-09-30,0.43934347851096067
2019-10-01,2.3374623378824366
2019-10-02,0.45380481699501574
2019-10-03,0.26175906085309064
2019-10-04,-1.1207395993845282
2019-10-07,-0.207054191204612
2019-10-08,0.17127757081232242
2019-10-09,0.5340617357934341
2019-10-10,-0.8355269221471695
2019-10-11,-2.1871623862014267
2019-10-14,0.6495027473189241
2019-10-15,1.0274269951716808
2019-10-16,0.18145606244764023
2019-10-17,0.132085446809449
2019-10-18,-0.6712805788591703
2019-10-21,0.01086010674748792
2019-10-22,0.37871813751290107
2019-10-23,-0.16382494810073034
2019-10-24,2.4932840655151605
2019-10-25,-2.9524105272403185
2019-10-28,0.5609206548828326
2019-10-29,-1.5314454819386203
2019-10-30,-2.139925102286282
2019-10-31,0.8885422567733147
2019-11-01,-1.9830969305448582
2019-11-04,-1.0333419176611636
2019-11-05,-0.7974067399241203
2019-11-06,0.338060127237112
2019-11-07,-1.1787643787094204
2019-11-08,-1.0128934021636748
2019-11-11,-0.49615491223244934
2019-11-12,-0.3884895791105891
2019-11-13,0.03740423029291451
2019-11-14,-0.3505361871430468
2019-11-15,0.1566874414650199
2019-11-18,1.0880823064321055
2019-11-19,-0.5907348411739366
2019-11-20,-0.10053262258613804
2019-11-21,-0.17205271453376358
2019-11-22,0.4913204940591199
2019-11-25,0.14132725849070438
2019-11-26,-0.472441084807369
2019-11-27,-0.6735036263422467
2019-11-29,0.013801341819936752
2019-12-02,-0.26148120108306694
2019-12-03,1.460910208841717
2019-12-04,0.017989586994930917
2019-12-05,-0.9369364627180587
2019-12-06,-0.7019528678058595
2019-12-09,-1.4020063280523365
2019-12-10,-0.2396785849679972
2019-12-11,-0.12850063276093948
2019-12-12,-0.24645189032456172
2019-12-13,1.2267463036975035
2019-12-16,-0.46210601069730073
2019-12-17,-0.1132245021132694
2019-12-18,0.018358709450740918
2019-12-19,1.2330164486784412
2019-12-20,0.35563811824214087
2019-12-23,0.14738181262089256
2019-12-24,-0.1448852544431345
2019-12-26,-0.048875937138272985
2019-12-27,0.39711228805852095
2019-12-30,-0.613374770948385
2019-12-31,-0.48032772238203236
2020-01-02,-4.292545541064299
2020-01-03,0.7097659779969345
2020-01-06,0.1652406730344147
2020-01-07,-0.1798175098350563
2020-01-08,-0.4395095540724303
2020-01-09,-0.016250072163408458
2020-01-10,-0.10469211380456533
2020-01-13,-0.8687721272585303
2020-01-14,0.9442182842706347
2020-01-15,1.3788474828572705
2020-01-16,0.008381555943455243
2020-01-17,-0.4283033351809995
2020-01-21,0.7358983178603595
2020-01-22,-0.46736693182636735
2020-01-23,0.36672628176813715
2020-01-24,-0.6167156651996275
2020-01-27,1.5964690163162376
2020-01-28,-1.4817083689289157
2020-01-29,-1.5856050254599885
2020-01-30,-0.5781890310928173
2020-01-31,-0.5457165676349112
2020-02-03,1.7270078624380947
2020-02-04,-0.898470952453867
2020-02-05,0.2014234229281615
2020-02-06,-1.401107300508151
2020-02-07,-1.0386569141008994
2020-02-10,-2.7016925541248353
2020-02-11,-1.7237848136157186
2020-02-12,1.6018251969672481
2020-02-13,-0.0496405895547225
2020-02-14,1.2952031796463315
2020-02-18,0.41566452793423836
2020-02-19,-0.81591892410668
2020-02-20,1.6723977374350851
2020-02-21,-0.3033696177954992
2020-02-24,0.5429761339180845
2020-02-25,0.6468467318081639
2020-02-26,0.9347295911617626
2020-02-27,1.558013106907445
2020-02-28,1.1345333446812256
2020-03-02,-2.9869277041497
2020-03-03,0.03590463864539872
2020-03-04,0.7851558463649018
2020-03-05,1.7628455463358979
2020-03-06,3.008230419515938
2020-03-09,5.3737181415640265
2020-03-10,-3.5076086648674343
2020-03-11,1.162043976625971
2020-03-12,1.5400474796294432
2020-03-13,3.063933008875762
2020-03-16,-0.6520674276766165
2020-03-17,-0.8274488764224781
2020-03-18,-0.0012843642451390025
2020-03-19,-4.359070949804542
2020-03-20,4.868554679971503
2020-03-23,6.568926618305699
2020-03-24,-6.993708086116108
2020-03-25,-0.48127311729592215
2020-03-26,2.7394283626730207
2020-03-27,2.525578695499256
2020-03-30,-0.1671203369653762
2020-03-31,0.1650756223080554
2020-04-01,-0.7973364648409795
2020-04-02,-1.4911178989667317
2020-04-03,-2.711992971775563
2020-04-06,-4.113204669251612
2020-04-07,-1.5577137904340277
2020-04-08,0.5092005037330427
2020-04-09,0.38197760218754206
2020-04-13,0.8925967217903774
2020-04-14,0.16679228918408118
2020-04-15,1.714159387806661
2020-04-16,-0.73217172874513
2020-04-17,-1.7015555317317852
2020-04-20,0.4671938602574355
2020-04-21,3.3223674266029946
2020-04-22,1.8139472074031924
2020-04-23,2.1326754996164987
2020-04-24,-3.084555255417483
2020-04-27,-0.05883048814796066
2020-04-28,-2.05759513092288
2020-04-29,2.19776461441357
2020-04-30,0.8974881134083645
2020-05-01,0.2550639212158252
2020-05-04,0.6691345616709521
2020-05-05,0.9294912411331069
2020-05-06,-0.01021586184558343
2020-05-07,0.0411240723355184
2020-05-08,2.2526142611473516
2020-05-11,-0.9408106517857663
2020-05-12,-0.9301470725831198
2020-05-13,-0.8362232394383518
2020-05-14,0.8835861480142793
2020-05-15,-3.0331632810943243
2020-05-18,1.895808524026923
2020-05-19,1.675710754922053
2020-05-20,0.02051800086587896
2020-05-21,-0.45530108785630796
2020-05-22,2.136700136335239
2020-05-26,-3.206876674075858
2020-05-27,-1.9891855357987476
2020-05-28,1.16383568064522
2020-05-29,1.4085097259340795
2020-06-01,-0.6529971358850895
2020-06-02,-2.1272857558206897
2020-06-03,-3.7236624043327593
2020-06-04,-1.7654678312325234
2020-06-05,-2.4347960315599044
2020-06-08,-2.499396491549018
2020-06-09,2.214268118311828
2020-06-10,2.236693892171287
2020-06-11,5.580967665365597
2020-06-12,-3.578773800925984
2020-06-15,0.9197739535032357
2020-06-16,-2.473899619624529
2020-06-17,2.47208957685358
2020-06-18,-0.38422873132116564
2020-06-19,0.6857370203812184
2020-06-22,0.8150771793026702
2020-06-23,-0.607005702226806
2020-06-24,1.515335668512995
2020-06-25,-0.5490383432458334
2020-06-26,1.404652760262848
2020-06-29,-2.1644122279893074
2020-06-30,-2.837403510350396
2020-07-01,1.3172512156538558
2020-07-02,0.06729356392289665
2020-07-06,-2.220980113941655
2020-07-07,0.36278444048076774
2020-07-08,-0.572616500129135
2020-07-09,0.6803336138416709
2020-07-10,-0.7404352563016301
2020-07-13,-0.24752635060770078
2020-07-14,-0.8474199221427272
2020-07-15,0.51579099037941
2020-07-16,0.8606618888594418
2020-07-17,1.418130757247953
2020-07-20,1.7100254325550002
2020-07-21,-1.4692337847221237
2020-07-22,0.7096168362424325
2020-07-23,-0.36479160150586054
2020-07-24,0.9268711078825611
2020-07-27,1.0940045503576257
2020-07-28,-0.7459534002396295
2020-07-29,-0.0056987930773222395
2020-07-30,0.6418887478025352
2020-07-31,0.1864845915017721
2020-08-03,2.562358226801875
2020-08-04,1.231314658114453
2020-08-05,-2.557099450088474
2020-08-06,1.0838987066299732
2020-08-07,-0.033426475169684444
2020-08-10,-1.1113765252115448
2020-08-11,1.7775633255624324
2020-08-12,-0.5745612538371736
2020-08-13,1.1327559492299801
2020-08-14,-0.629987407259962
2020-08-17,0.48291598236017697
2020-08-18,1.6263976140889151
2020-08-19,-2.083333393460647
2020-08-20,1.0125669766466363
2020-08-21,0.6013603789499467
2020-08-24,-1.7413331533970244
2020-08-25,0.4557191203823674
2020-08-26,-0.23023901419022996
2020-08-27,0.6526886811230168
2020-08-28,-1.3585842394466896
2020-08-31,0.22121328892918501
2020-09-01,-0.8210694111161934
2020-09-02,1.519575710137877
2020-09-03,-2.192839613297768
2020-09-04,-0.6496496968040466
2020-09-08,0.03019624947609545
2020-09-09,-0.1805141075329897
2020-09-10,-1.0495891990542772
2020-09-11,0.5287020194671954
2020-09-14,0.7339483033679306
2020-09-15,0.9470366719602885
2020-09-16,-1.006789303414852
2020-09-17,0.2519144950135722
2020-09-18,-0.6531352595537566
2020-09-21,1.6944637619965568
2020-09-22,0.8499704786172302
2020-09-23,3.5726967338738085
2020-09-24,-1.5499162012540246
2020-09-25,0.934660535030567
2020-09-28,-0.1072727691750952
2020-09-29,2.0613090728994825
2020-09-30,-1.3310776189727624
2020-10-01,0.046888984513386966
2020-10-02,-1.570779245451732
2020-10-05,0.08161449647245078
2020-10-06,0.7117894298789773
2020-10-07,-0.4024296841037289
2020-10-08,-0.14440737946362248
2020-10-09,-0.27953883529856505
2020-10-12,1.590993613011884
2020-10-13,0.42439888269689263
2020-10-14,-0.7871473337789436
2020-10-15,-0.6515339545732092
2020-10-16,0.43073094092517916
2020-10-19,1.486123546503686
2020-10-20,-0.4715979610898313
2020-10-21,-1.1646312170596085
2020-10-22,-2.0084153598281733
2020-10-23,-0.4945900376363088
2020-10-26,1.7177855569216918
2020-10-27,1.3640764812434236
2020-10-28,0.4063998114521694
2020-10-29,-2.0489958057739677
2020-10-30,-0.7280831631706564
2020-11-02,-0.761345975782362
2020-11-03,-1.6882057105791668
2020-11-04,2.0300305400206415
2020-11-05,0.23550982514361607
2020-11-06,0.7108558262800435
2020-11-09,-3.1919875240366595
2020-11-10,1.1455268517106743
2020-11-11,0.9582834910686169
2020-11-12,0.4918418393091084
2020-11-13,-0.16462487342097099
2020-11-16,-1.5776554455176601
2020-11-17,-3.170889588262406
2020-11-18,-0.49458732647384984
2020-11-19,-0.2153665366662838
2020-11-20,-0.18683148068670663
2020-11-23,-3.4750169736737764
2020-11-24,-0.8557616875983487
2020-11-25,-1.4447651026484731
2020-11-27,1.1483401005931992
2020-11-30,0.9687781491756088
2020-12-01,-1.2666364209538883
2020-12-02,-0.29969238751553773
2020-12-03,-0.43690054671394096
2020-12-04,0.7277231482479607
2020-12-07,1.1388501216507052
2020-12-08,-0.49360349346043497
2020-12-09,-0.6501966260879288
2020-12-10,-0.6958100617163177
2020-12-11,0.8013912791647426
2020-12-14,-1.0472605379414905
2020-12-15,-0.04418102013309122
2020-12-16,-0.7430589663215792
2020-12-17,-0.09706338116276747
2020-12-18,0.6899961349524819
2020-12-21,-1.0661348241700819
2020-12-22,-0.2559358584754178
2020-12-23,-0.22424733711802647
2020-12-24,0.4464912916859709
2020-12-28,0.9543658278346423
2020-12-29,-0.9953366390339302
2020-12-30,-0.6786456132398366
2020-12-31,2.5081480544047507
2021-01-04,-0.6290740107690663
2021-01-05,-0.5656155013991505
2021-01-06,-0.9650029610430853
2021-01-07,-0.4715242753988491
2021-01-08,-1.3275550873153574
2021-01-11,-0.827909708747623
2021-01-12,-1.8051821335811622
2021-01-13,0.4770337373925937
2021-01-14,-0.9585196731503708
2021-01-15,1.6476709539068413
2021-01-19,-1.30366408696589
2021-01-20,0.8803252514388382
2021-01-21,1.1179840029935462
2021-01-22,-1.145434169182964
2021-01-25,1.8006816680094984
2021-01-26,2.4512360487560647
2021-01-27,0.7380882629142138
2021-01-28,-0.5278207195621221
2021-01-29,2.495731933283274
2021-02-01,-0.9886276280382726
2021-02-02,0.26434551642222837
2021-02-03,-1.5183680124823187
2021-02-04,0.03698697878436352
2021-02-05,-1.9641529674248037
2021-02-08,1.0995035142196685
2021-02-09,-0.08848524571145155
2021-02-10,0.21948098839364327
2021-02-11,1.5523791873685158
2021-02-12,-0.1097917057017539
2021-02-16,-0.4560024997777701
2021-02-17,-2.0856288868656336
2021-02-18,0.9357447096328952
2021-02-19,-3.0204917660947554
2021-02-22,-1.1422432685684436
2021-02-23,-1.0385539686739675
2021-02-24,1.5048026358536504
2021-02-25,2.1133901442811154
2021-02-26,0.3902188094414405
2021-03-01,0.8217374844303382
2021-03-02,-2.041798234609937
2021-03-03,-1.1948704985259462
2021-03-04,-0.8400156946154036
2021-03-05,-1.390495210800222
2021-03-08,-0.4689167048638043
2021-03-09,3.0375267265003725
2021-03-10,-1.9192108762992266
2021-03-11,0.6986032557507631
2021-03-12,-1.2359290643382814
2021-03-15,-0.14186049817132007
2021-03-16,2.4373802457923643
2021-03-17,-0.8325330445162971
2021-03-18,-1.1383831949363565
2021-03-19,1.9081277049739698
2021-03-22,1.3783939447669757
2021-03-23,-0.2722614244755617
2021-03-24,0.14031632994639498
2021-03-25,-1.6171695670919162
2021-03-26,0.9406562905598692
2021-03-29,-0.08919712068693242
2021-03-30,0.13713850699325736
2021-03-31,1.6456873069949607
2021-04-01,-1.4480834423794946
2021-04-05,0.0961376796572686
2021-04-06,0.025837778861315108
2021-04-07,-1.1684959160726405
2021-04-08,0.3453184175293278
2021-04-09,-0.3352522996049334
2021-04-12,-1.2019452919990092
2021-04-13,0.17038462692984258
2021-04-14,-1.4643557803786944
2021-04-15,-0.5010990330071774
2021-04-16,-0.1152559030460143
2021-04-19,0.12465995013300812
2021-04-20,0.08539331184475918
2021-04-21,0.5726456882437314
2021-04-22,-0.27069680272474805
2021-04-23,-0.7332419787935416
2021-04-26,0.5510089431119926
2021-04-27,-0.5001278885360748
2021-04-28,-1.1945328538272637
2021-04-29,-0.5559552660907973
2021-04-30,-3.123891321086243
2021-05-03,2.3029639125060153
2021-05-04,-0.4895042864284239
2021-05-05,0.2695454397883523
2021-05-06,-0.13276559124107523
2021-05-07,1.1669705658674134
2021-05-10,-0.8820910520544167
2021-05-11,0.9367812803858189
2021-05-12,-0.3175258224971178
2021-05-13,-1.2620348361323863
2021-05-14,-0.9134166708145091
2021-05-17,0.9589926573602447
2021-05-18,-0.3106438180685458
2021-05-19,0.236738963816585
2021-05-20,0.6991149250746842
2021-05-21,-0.32856871771162144
2021-05-24,-0.6015129664126383
2021-05-25,1.410525311123456
2021-05-26,0.7214295895352385
2021-05-27,-0.8573955806341194
2021-05-28,-1.549027325687029
